,Title,Description,PubDate,Categorie
0,"EN IMAGES. On vous présente trois découvertes de la mission spatiale européenne Gaia, qui prend sa retraite après avoir cartographié la Voie lactée avec une précision inédite","Lancée en 2013, la sonde doit être désactivée jeudi mais l'important volume de données qu'elle a collectées va alimenter la recherche pendant encore au moins plusieurs décennies.","Thu, 27 Mar 2025 05:55:40 +0100",sciences
1,Eurozapping : le Danemark dénonce la pression des États-Unis,"Comme chaque soir, le JT du 23h info fait un tour de l'actualité diffusée par les chaînes européennes de télévision. C'est l'Eurozapping du mardi 25 mars.","Wed, 26 Mar 2025 08:10:16 +0100",sciences
2,"Peut-on ralentir le vieillissement ? ""On extrapole un peu vite les études scientifiques"", avertit le Dr Damien Mascret","Selon le Dr Damien Mascret, il n'existe pas de recette miracle contre le vieillissement du corps, et certaines études sont à prendre avec précaution.","Tue, 25 Mar 2025 22:45:15 +0100",sciences
3,Vieillissement : à quel âge est-on vraiment vieux ?,"À quel âge peut-on se considérer comme vieux ? Si la question est relative, la science a déterminé un âge charnière, et il arrive bien plus tôt que prévu.","Tue, 25 Mar 2025 22:23:46 +0100",sciences
4,Vieillissement : plongée dans le business de la vie éternelle,"Aux États-Unis, les cliniques de longévité font le plein et la technologie de pointe contre le vieillissement du corps est promue par les célébrités. Un véritable business qui rapporte gros.","Tue, 25 Mar 2025 21:07:01 +0100",sciences
5,Espace : d'où vient la spirale bleue apparue dans le ciel français lundi soir ?,Une mystérieuse spirale bleue a été aperçue en France et en Europe lundi 24 mars 2025. Derrière ce phénomène se cache une explication des plus simples.,"Tue, 25 Mar 2025 16:25:31 +0100",sciences
6,Une spirale bleue aperçue dans le ciel de certaines régions de France,"Le phénomène lumineux est apparu dans le ciel aux alentours de 21 heures, lundi soir. Il est dû au passage d'une fusée au-dessus de l'Europe, selon les spécialistes.","Tue, 25 Mar 2025 12:01:55 +0100",sciences
7,"En Arizona, la Cour suprême mise sur l'intelligence artificielle pour communiquer ses décisions","En Arizona, la Cour suprême adopte une nouvelle stratégie pour annoncer ses décisions au public : des avatars générés par intelligence artificielle. Une initiative qui vise à améliorer la transparence et à renforcer la confiance dans les institutions judiciaires.","Tue, 25 Mar 2025 10:22:47 +0100",sciences
8,"Davantage de contrôles, grand plan de recherche... Les recommandations de l'Académie des sciences sur les PFAS","Les chercheurs de l'Académie appellent notamment à une meilleure transparence et traçabilité, mais aussi à substituer ces substances et à les éliminer dans les milieux contaminés.","Tue, 25 Mar 2025 08:00:02 +0100",sciences
9,Une alternative franco-allemande à Google Docs,"Pour s’affranchir un peu plus des technologies américaines, l’Europe lance un clone de Google Docs et d’Office de Microsoft. Il s’appelle tout simplement : Docs. Il a été développé par les équipes numériques des gouvernements français et allemand.","Mon, 24 Mar 2025 12:05:15 +0100",sciences
10,De jeunes médecins détournent des vidéos d'influenceurs pour dénoncer les fausses informations médicales sur Internet,"Le syndicat ReAGJIR lutte contre la désinformation médicale sur leur compte TikTok ""Healthbuster"" en détournant des vidéos d'influenceurs avec des deepfakes. Ils dénoncent des pratiques dangereuses en rappelant l'importance de se fier aux conseils de professionnels de santé.","Mon, 24 Mar 2025 08:07:10 +0100",sciences
11,"Baisse des dépenses américaines dans la recherche : ""c'est très inquiétant"", réagit Philippe Baptiste, ministre de l'Enseignement supérieur et de la Recherche","Le ministre de l’Enseignement supérieur et de la Recherche, Philippe Baptiste, était l'invité du ""8h30 franceinfo"". Il répondait aux questions de Bérengère Bonte et Hadrien Bect.","Sun, 23 Mar 2025 10:47:30 +0100",sciences
12,Innovation : les véhicules sans chauffeur de plus en plus en vogue aux États-Unis,"Aux États-Unis, des voitures autonomes font de plus en plus concurrence aux VTC classiques. La filiale de Google, notamment, Waymo, a enregistré plus de quatre millions de trajets payants à San Francisco, Los-Angeles ou encore Austin.","Sat, 22 Mar 2025 23:53:21 +0100",sciences
13,"Boissons énergisantes : attention aux ingrédients dits naturels comme le guarana ou le maté, qui peuvent contenir encore plus de caféine","Le magazine ""60 millions de consommateurs"" attire l'attention sur la haute teneur en caféine de ces boissons qui, associées avec d'autres excitants comme le café ou le tabac, peuvent se révéler dangereuses pour le cœur.","Sat, 22 Mar 2025 14:00:01 +0100",sciences
14,"Infiltrations, façade dégradée, isolation obsolète... Le Muséum national d'histoire naturelle lance un appel aux dons pour sauver l'Hôtel de Magny, à Paris","La restauration de cet ancien hôtel particulier, construit entre 1696 et 1700 et classé aux monuments historiques, est estimée à 11,5 millions d'euros.","Sat, 22 Mar 2025 13:39:34 +0100",sciences
15,"Attaques contre la recherche aux États-Unis : un danger pour le changement climatique, souligne François Gemenne",Les récentes attaques contre les chercheurs et la science aux États-Unis pourraient avoir des conséquences dramatiques sur la recherche climatique mondiale. Les coupes budgétaires et les interdictions de certains sujets de recherche risquent de fragiliser la lutte contre le changement climatique et d'affecter les rapports du GIEC.,"Sat, 22 Mar 2025 08:53:08 +0100",sciences
16,Antarctique : des scientifiques appellent à l'aide après des comportements violents de la part d'un collègue,"Dans une station scientifique sud-africaine située en Antarctique, un membre de l'équipe de chercheurs aurait frappé un collègue et proféré des menaces de mort envers un autre des scientifiques.","Thu, 20 Mar 2025 09:20:43 +0100",sciences
17,Station de recherche en Antarctique : des scientifiques appellent à l'aide après une agression,"Dans une station scientifique de l'Antarctique, un membre d'une équipe de chercheurs aurait frappé une collègue et menacé de mort un autre. Une situation d'autant plus préoccupante qu'ils sont censés vivre ensemble jusqu'à la fin de l'année.","Wed, 19 Mar 2025 22:05:22 +0100",sciences
18,"Ukraine, réarmement de l'Europe, retraites. Les informés de franceinfo du mercredi 19 mars 2025","Tous les jours, les informés débattent de l'actualité autour d'Agathe Lambret et de Jean-Rémi Baudot","Wed, 19 Mar 2025 21:23:08 +0100",sciences
19,"Nuits de l'équinoxe : plusieurs planètes et constellations observables partout en France ce week-end dont Vénus, Jupiter et Mars","Certaines planètes seront visibles, même à l'œil nu. Plusieurs dizaines d'événements sont prévus partout en France du 21 au 23 mars, lors de soirées d'observations gratuites, et ouvertes au public, rapporte ""ici"" (ex-France Bleu).","Wed, 19 Mar 2025 20:56:51 +0100",sciences
20,Le Palais de la découverte entame sa réouverture en juin avec une exposition sur l'intelligence artificielle,"Situé dans l'aile ouest du Grand Palais, le musée dédié à la science a fermé en 2020 pour travaux.","Thu, 27 Mar 2025 18:35:27 +0100",sciences
21,Climat : des scientifiques virés du jour au lendemain par Donald Trump,"En s'attaquant à coups de licenciements et de coupes budgétaires à la recherche scientifique, en particulier à celle liée au climat, Donald Trump a engendré de nombreuses conséquences, dont certaines sont déjà visibles et quantifiables. Même la Nasa n'est pas épargnée.","Thu, 27 Mar 2025 22:47:04 +0100",sciences
22,Climat : Donald Trump s'attaque à plusieurs institutions scientifiques,L'administration de Donald Trump a licencié du jour au lendemain un millier de scientifiques de l'Administration nationale océanique et atmosphérique. D'autres institutions sont dans le viseur du président américain.,"Fri, 28 Mar 2025 11:42:46 +0100",sciences
23,"Demain les voix des victimes d’AVC, ou de ceux qui ont des difficultés à s'exprimer, pourront être reconstituées","Aider celles et ceux qui ont des difficultés à parler à s'exprimer à se faire comprendre, c'est la promesse de nouvelles technologies.","Fri, 28 Mar 2025 11:55:11 +0100",sciences
24,Climat : Donald Trump s'attaque à plusieurs institutions scientifiques,L'administration de Donald Trump a licencié du jour au lendemain un millier de scientifiques de l'Administration nationale océanique et atmosphérique. D'autres institutions sont dans le viseur du président américain.,"Fri, 28 Mar 2025 12:04:58 +0100",sciences
